Experiment,Description,Sharpe Ratio,Sharpe Δ,Sharpe Δ%,Total Return,Win Rate,N Trades
full_system,Full system with all components,7.219799172678401,0.0,0.0,7.56796514849472,0.6721244161576759,19483
no_thompson,Fixed position sizing (2%),7.213982473649138,-0.005816699029263184,-0.08056593944157181,7.5698347559456325,0.6708243506826814,19482
no_historical,Historical features zeroed,6.772873208349549,-0.44692596432885257,-6.19028249456213,7.222621814742139,0.665845269264336,19479
no_sentiment,Sentiment features zeroed,6.6113496002193095,-0.6084495724590919,-8.427513811763953,7.045670397874846,0.6709601272643301,19487
random_actions,Random action selection,0.5637141440112858,-6.656085028667116,-92.19210769539787,0.503391464417344,0.4648863782257029,15578
